7.9_raw.csv_filtered_by_correlation15_SNR20_all_replacement_strategy_1,2022-11-26 23:05:48.265029
7.9_raw.csv_filtered_by_correlation15_SNR20_individual_replacement_strategy_1,2022-11-26 23:05:48.314918
7.6_raw.csv_filtered_by_correlation15_SNR20_all_replacement_strategy_1,2022-11-26 23:05:48.384736
7.6_raw.csv_filtered_by_correlation15_SNR20_individual_replacement_strategy_1,2022-11-26 23:05:48.446432
7.2_raw.csv_filtered_by_correlation15_SNR20_all_replacement_strategy_1,2022-11-26 23:05:48.520265
7.2_raw.csv_filtered_by_correlation15_SNR20_individual_replacement_strategy_1,2022-11-26 23:05:48.572108
Complete Duration,0:00:59.175967
Complete Duration,0:00:00.372321
Complete Duration,0:00:00.169195
7.9_raw.csvfiltered_by_correlation2.0_SNR3.0_all_replacement_strategy3.0,2022-12-01 11:11:18.664170
7.9_raw.csvfiltered_by_correlation2.0_SNR3.0_individual_replacement_strategy3.0,2022-12-01 11:11:18.914101
7.6_raw.csvfiltered_by_correlation2.0_SNR3.0_all_replacement_strategy3.0,2022-12-01 11:11:19.294017
7.6_raw.csvfiltered_by_correlation2.0_SNR3.0_individual_replacement_strategy3.0,2022-12-01 11:11:19.643520
7.2_raw.csvfiltered_by_correlation2.0_SNR3.0_all_replacement_strategy3.0,2022-12-01 11:11:20.133285
7.2_raw.csvfiltered_by_correlation2.0_SNR3.0_individual_replacement_strategy3.0,2022-12-01 11:11:20.506449
Complete Duration,0:00:02.354407
7.9_raw.csvfiltered_by_correlation15_SNR20_all_replacement_strategy1,2022-12-01 14:33:52.007368
7.9_raw.csvfiltered_by_correlation15_SNR20_individual_replacement_strategy1,2022-12-01 14:33:52.165648
7.6_raw.csvfiltered_by_correlation15_SNR20_all_replacement_strategy1,2022-12-01 14:33:52.359298
7.6_raw.csvfiltered_by_correlation15_SNR20_individual_replacement_strategy1,2022-12-01 14:33:52.525768
7.2_raw.csvfiltered_by_correlation15_SNR20_all_replacement_strategy1,2022-12-01 14:33:52.736821
7.2_raw.csvfiltered_by_correlation15_SNR20_individual_replacement_strategy1,2022-12-01 14:33:52.896041
Complete Duration,0:00:01.375946
7.9_raw.csvfiltered_by_correlation15_SNR20_all_replacement_strategy1,2022-12-01 14:38:18.826916
7.9_raw.csvfiltered_by_correlation15_SNR20_individual_replacement_strategy1,2022-12-01 14:38:18.991946
7.6_raw.csvfiltered_by_correlation15_SNR20_all_replacement_strategy1,2022-12-01 14:38:19.207416
7.6_raw.csvfiltered_by_correlation15_SNR20_individual_replacement_strategy1,2022-12-01 14:38:19.344314
7.2_raw.csvfiltered_by_correlation15_SNR20_all_replacement_strategy1,2022-12-01 14:38:19.559499
7.2_raw.csvfiltered_by_correlation15_SNR20_individual_replacement_strategy1,2022-12-01 14:38:19.710311
Complete Duration,0:00:01.173109
7.9_raw.csvfiltered_by_correlation15_SNR20_all_replacement_strategy1,2022-12-01 14:38:23.887305
7.9_raw.csvfiltered_by_correlation15_SNR20_individual_replacement_strategy1,2022-12-01 14:38:24.060175
7.6_raw.csvfiltered_by_correlation15_SNR20_all_replacement_strategy1,2022-12-01 14:38:24.275336
7.6_raw.csvfiltered_by_correlation15_SNR20_individual_replacement_strategy1,2022-12-01 14:38:24.478844
7.2_raw.csvfiltered_by_correlation15_SNR20_all_replacement_strategy1,2022-12-01 14:38:24.725726
7.2_raw.csvfiltered_by_correlation15_SNR20_individual_replacement_strategy1,2022-12-01 14:38:24.876621
Complete Duration,0:00:01.331488
7.9_raw.csvfiltered_by_correlation15_SNR20_all_replacement_strategy1,2022-12-01 14:51:27.583704
7.9_raw.csvfiltered_by_correlation15_SNR20_individual_replacement_strategy1,2022-12-01 14:51:27.738332
7.6_raw.csvfiltered_by_correlation15_SNR20_all_replacement_strategy1,2022-12-01 14:51:27.877193
7.6_raw.csvfiltered_by_correlation15_SNR20_individual_replacement_strategy1,2022-12-01 14:51:28.028725
7.2_raw.csvfiltered_by_correlation15_SNR20_all_replacement_strategy1,2022-12-01 14:51:28.195639
7.2_raw.csvfiltered_by_correlation15_SNR20_individual_replacement_strategy1,2022-12-01 14:51:28.312640
Complete Duration,0:00:01.126517
7.9_raw.csvfiltered_by_correlation15_SNR20_all_replacement_strategy1,2022-12-01 15:02:57.913656
7.9_raw.csvfiltered_by_correlation15_SNR20_individual_replacement_strategy1,2022-12-01 15:02:58.114244
7.6_raw.csvfiltered_by_correlation15_SNR20_all_replacement_strategy1,2022-12-01 15:02:58.404290
7.6_raw.csvfiltered_by_correlation15_SNR20_individual_replacement_strategy1,2022-12-01 15:02:58.675439
7.2_raw.csvfiltered_by_correlation15_SNR20_all_replacement_strategy1,2022-12-01 15:02:58.954301
7.2_raw.csvfiltered_by_correlation15_SNR20_individual_replacement_strategy1,2022-12-01 15:02:59.145109
Complete Duration,0:00:01.965868
